method,Tue Jun 07 17:40:00 CDT 2011,Tue Jun 07 17:41:00 CDT 2011,Tue Jun 07 17:42:00 CDT 2011,Tue Jun 07 17:43:00 CDT 2011,Tue Jun 07 17:44:00 CDT 2011,Tue Jun 07 17:45:00 CDT 2011,Tue Jun 07 17:46:00 CDT 2011,Tue Jun 07 17:47:00 CDT 2011,Tue Jun 07 17:48:00 CDT 2011,Tue Jun 07 17:49:00 CDT 2011,Tue Jun 07 17:50:00 CDT 2011,Tue Jun 07 17:51:00 CDT 2011
sailpoint.task.Housekeeper:processWorkflowEvents(),1,,,,,,,,,,,
sailpoint.api.Certificationer:getMessagesByType(),,,,,,,,,,,,4
sailpoint.api.Certificationer:isReturnToParent(),2,,,,,,,,,,,
sailpoint.api.Certificationer:<init>(),1,,,,,,,,,,,1
sailpoint.task.Housekeeper:pruneHistory(),1,,,,,,,,,,,
sailpoint.task.Housekeeper:scanLCMRequests(),,,,,,,,,,,,1
sailpoint.task.Housekeeper:saveResults(),,,,,,,,,,,,1
sailpoint.task.Housekeeper:phaseCertifications(),,,,,,,,,,,,1
sailpoint.task.Housekeeper:finishCertifications(),,,,,,,,,,,,1
sailpoint.api.Certificationer:handleRemediation(),40,66,66,68,68,67,61,68,69,68,59,46
sailpoint.task.Housekeeper:forwardInactiveWorkItems(),,,,,,,,,,,,1
sailpoint.task.Housekeeper:traceResults(),,,,,,,,,,,,1
sailpoint.task.Housekeeper:updateProgress(),12,,,,,,,,,,,13
sailpoint.task.Housekeeper:pruneObjects(),2,,,,,,,,,,,
sailpoint.task.Housekeeper:<init>(),1,,,,,,,,,,,
sailpoint.api.Certificationer:lockIdentity(),,,,,,,,,,,,1
sailpoint.task.Housekeeper:initMessages(),,,,,,,,,,,,1
sailpoint.api.Certificationer:getErrors(),,,,,,,,,,,,2
sailpoint.task.Housekeeper:addMessages(),,,,,,,,,,,,2
sailpoint.task.Housekeeper:pruneTaskResults(),1,,,,,,,,,,,
sailpoint.api.Certificationer:setCertificationLink(),,,,,,,,,,,,1
sailpoint.task.Housekeeper:denormalizeScopes(),,,,,,,,,,,,1
sailpoint.task.Housekeeper:addMessage(),,,,,,,,,,,,1
sailpoint.task.Housekeeper:pruneRequests(),1,,,,,,,,,,,
sailpoint.api.Certificationer:setMitigationExpiration(),40,66,66,68,68,67,61,68,69,68,59,46
sailpoint.api.Certificationer:getWarnings(),,,,,,,,,,,,2
sailpoint.task.Housekeeper:audit(),,,,,,,,,,,,10
sailpoint.task.Housekeeper:transitionContinuousCerts(),,,,,,,,,,,,1
sailpoint.api.Certificationer:finishItem(),40,66,66,68,67,68,61,68,69,67,60,46
sailpoint.task.Housekeeper:parseArguments(),1,,,,,,,,,,,
sailpoint.task.Housekeeper:pruneCertifications(),1,,,,,,,,,,,
sailpoint.task.Housekeeper:trace(),12,,,,,,,,,,,13
sailpoint.api.Certificationer:init(),1,,,,,,,,,,,1
sailpoint.api.Certificationer:handlePolicyViolation(),40,66,66,68,68,67,61,68,69,68,59,46
sailpoint.task.Housekeeper:scanRemediations(),,,,,,,,,,,,1

