employeeId,dbId,app1_priveleged,acct_lastLogin,app1_service,app1_inactive,groupmbr,userName
1a,100,false,04/17/2008 21:26:43,false,false,customerDataCenter,JamesSmith
1a,100,false,04/17/2008 21:26:43,false,false,HostingVPN,JamesSmith
1a,100,false,04/17/2008 21:26:43,false,false,Users,JamesSmith
1a2a,101,false,04/17/2008 21:26:43,false,false,DataComm,MaryJohnson
1a2a,101,false,04/17/2008 21:26:43,false,false,DBAs,MaryJohnson
1a2a,101,false,04/17/2008 21:26:43,false,false,GlobalComm,MaryJohnson
1a2a,101,false,04/17/2008 21:26:43,false,false,HelpDesk,MaryJohnson
1a2a,101,false,04/17/2008 21:26:43,false,false,SysAdministration,MaryJohnson
1a2a,101,false,04/17/2008 21:26:43,false,false,TCOMControls,MaryJohnson
1a2a,101,false,04/17/2008 21:26:43,false,false,Telecom,MaryJohnson
1a2a,101,false,04/17/2008 21:26:43,false,false,UnixAdministration,MaryJohnson
1a2a,101,false,04/17/2008 21:26:43,false,false,Users,MaryJohnson
1a2a,101,false,04/17/2008 21:26:43,false,false,WindowsAdministration,MaryJohnson
1a2a3a,104,false,04/17/2008 21:26:43,false,false,DataArchive,RobertBrown
1a2a3a,104,false,04/17/2008 21:26:43,false,false,DBAs,RobertBrown
1a2a3a,104,false,04/17/2008 21:26:43,false,false,SecurityAnalysis,RobertBrown
1a2a3a,104,false,04/17/2008 21:26:43,false,false,Users,RobertBrown
1a2a3a4a,116,false,04/17/2008 21:26:43,false,false,campusAccess,JosephThompson
1a2a3a4a,116,false,04/17/2008 21:26:43,false,false,DBAs,JosephThompson
1a2a3a4a,116,false,04/17/2008 21:26:43,false,false,Users,JosephThompson
1a2a3a4b,117,false,04/17/2008 21:26:43,false,false,DBAs,MargaretGarcia
1a2a3a4b,117,false,04/17/2008 21:26:43,false,false,HostingVPN,MargaretGarcia
1a2a3a4b,117,false,04/17/2008 21:26:43,false,false,Remote,MargaretGarcia
1a2a3a4b,117,false,04/17/2008 21:26:43,false,false,Users,MargaretGarcia
1a2a3a4b,1117,false,04/17/2008 21:26:43,false,false,DBAs,MGarcia
1a2a3a4b,1117,false,04/17/2008 21:26:43,false,false,HostingVPN,MGarcia
1a2a3a4b,1117,false,04/17/2008 21:26:43,false,false,Remote,MGarcia
1a2a3a4b,1117,false,04/17/2008 21:26:43,false,false,Users,MGarcia
1a2a3a4c,118,false,04/17/2008 21:26:43,false,false,DBAs,ThomasMartinez
1a2a3a4c,118,false,04/17/2008 21:26:43,false,false,Users,ThomasMartinez
1a2a3a4c,118,false,04/17/2008 21:26:43,false,false,VendorCare,ThomasMartinez
1a2a3a4d,119,false,04/17/2008 21:26:43,false,false,customerDataCenter,DorothyRobinson
1a2a3a4d,119,false,04/17/2008 21:26:43,false,false,DBAs,DorothyRobinson
1a2a3a4d,119,false,04/17/2008 21:26:43,false,false,InternalAudit,DorothyRobinson
1a2a3a4d,119,false,04/17/2008 21:26:43,false,false,Users,DorothyRobinson
1a2a3a4e,120,true,04/17/2008 21:26:43,false,false,DBAs,ChristopherClark
1a2a3a4e,120,true,04/17/2008 21:26:43,false,false,ServerRoomToken,ChristopherClark
1a2a3a4e,120,true,04/17/2008 21:26:43,false,false,sysadmin,ChristopherClark
1a2a3a4e,120,true,04/17/2008 21:26:43,false,false,Users,ChristopherClark
1a2a3b,105,false,04/17/2008 21:26:43,false,false,SecCompliance,LindaDavis
1a2a3b,105,false,04/17/2008 21:26:43,false,false,SecurityAnalysis,LindaDavis
1a2a3b,105,false,04/17/2008 21:26:43,false,false,ServerRoomToken,LindaDavis
1a2a3b,105,false,04/17/2008 21:26:43,false,false,Users,LindaDavis
1a2a3b4a,121,false,04/17/2008 21:26:43,false,false,globalExport,LisaRodriguez
1a2a3b4a,121,false,04/17/2008 21:26:43,false,false,SecCompliance,LisaRodriguez
1a2a3b4a,121,false,04/17/2008 21:26:43,false,false,SecurityAnalysis,LisaRodriguez
1a2a3b4a,121,false,04/17/2008 21:26:43,false,false,Users,LisaRodriguez
1a2a3b4b,122,false,04/17/2008 21:26:43,false,false,Remote,DanielLewis
1a2a3b4b,122,false,04/17/2008 21:26:43,false,false,Users,DanielLewis
1a2a3b4bx,334,false,04/21/2008 14:30:34,false,false,SecurityAnalysis,DanLewis
1a2a3b4c,123,false,04/17/2008 21:26:43,false,false,SecurityAnalysis,NancyLee
1a2a3b4c,123,false,04/17/2008 21:26:43,false,false,Users,NancyLee
1a2a3b4d,124,false,04/17/2008 21:26:43,false,false,campusAccess,PaulWalker
1a2a3b4d,124,false,04/17/2008 21:26:43,false,false,SecurityAnalysis,PaulWalker
1a2a3b4d,124,false,04/17/2008 21:26:43,false,false,Users,PaulWalker
1a2a3b4e,125,false,04/17/2008 21:26:43,false,false,ENG_Prod,KarenHall
1a2a3b4e,125,false,04/17/2008 21:26:43,false,false,SecurityAnalysis,KarenHall
1a2a3b4e,125,false,04/17/2008 21:26:43,false,false,Users,KarenHall
1a2a3b4e,1125,false,04/17/2008 21:26:43,false,false,ENG_Prod,KHall
1a2a3b4e,1125,false,04/17/2008 21:26:43,false,false,SecurityAnalysis,KHall
1a2a3b4e,1125,false,04/17/2008 21:26:43,false,false,Users,KHall
1a2a3c,106,false,04/17/2008 21:26:43,false,false,Development,MichaelMiller
1a2a3c,106,false,04/17/2008 21:26:43,false,false,ENG_Mgmt,MichaelMiller
1a2a3c,106,false,04/17/2008 21:26:43,false,false,ENG_Prod,MichaelMiller
1a2a3c,106,false,04/17/2008 21:26:43,false,false,QualityAssurance,MichaelMiller
1a2a3c,106,false,04/17/2008 21:26:43,false,false,Users,MichaelMiller
1a2a3c4a,126,false,04/17/2008 21:26:43,false,false,DataArchive,MarkAllen
1a2a3c4a,126,false,04/17/2008 21:26:43,false,false,Development,MarkAllen
1a2a3c4a,126,false,04/17/2008 21:26:43,false,false,ENG_Prod,MarkAllen
1a2a3c4a,126,false,04/17/2008 21:26:43,false,false,Users,MarkAllen
1a2a3c4b,127,false,04/17/2008 21:26:43,false,false,Development,BettyYoung
1a2a3c4b,127,false,04/17/2008 21:26:43,false,false,ENG_Prod,BettyYoung
1a2a3c4b,127,false,04/17/2008 21:26:43,false,false,Remote,BettyYoung
1a2a3c4b,127,false,04/17/2008 21:26:43,false,false,Users,BettyYoung
1a2a3c4c,128,false,04/17/2008 21:26:43,false,false,Development,DonaldHernandez
1a2a3c4c,128,false,04/17/2008 21:26:43,false,false,ENG_Prod,DonaldHernandez
1a2a3c4c,128,false,04/17/2008 21:26:43,false,false,Users,DonaldHernandez
1a2a3c4d,129,false,04/17/2008 21:26:43,false,false,Development,HelenKing
1a2a3c4d,129,false,04/17/2008 21:26:43,false,false,ENG_Prod,HelenKing
1a2a3c4d,129,false,04/17/2008 21:26:43,false,false,InternalAudit,HelenKing
1a2a3c4d,129,false,04/17/2008 21:26:43,false,false,Users,HelenKing
1a2a3c4e,130,false,04/17/2008 21:26:43,false,false,Development,GeorgeWright
1a2a3c4e,130,false,04/17/2008 21:26:43,false,false,ENG_Prod,GeorgeWright
1a2a3c4e,130,false,04/17/2008 21:26:43,false,false,Users,GeorgeWright
1a2a3d,107,false,04/17/2008 21:26:43,false,false,Development,BarbaraWilson
1a2a3d,107,false,04/17/2008 21:26:43,false,false,ENG_Mgmt,BarbaraWilson
1a2a3d,107,false,04/17/2008 21:26:43,false,false,ENG_Prod,BarbaraWilson
1a2a3d,107,false,04/17/2008 21:26:43,false,false,QualityAssurance,BarbaraWilson
1a2a3d,107,false,04/17/2008 21:26:43,false,false,Users,BarbaraWilson
1a2a3d4a,131,false,04/17/2008 21:26:43,false,false,ENG_Prod,SandraLopez
1a2a3d4a,131,false,04/17/2008 21:26:43,false,false,QualityAssurance,SandraLopez
1a2a3d4a,131,false,04/17/2008 21:26:43,false,false,SecCompliance,SandraLopez
1a2a3d4a,131,false,04/17/2008 21:26:43,false,false,Users,SandraLopez
1a2a3d4b,132,false,04/17/2008 21:26:43,false,true,ENG_Prod,KennethHill
1a2a3d4b,132,false,04/17/2008 21:26:43,false,true,QualityAssurance,KennethHill
1a2a3d4b,132,false,04/17/2008 21:26:43,false,true,Remote,KennethHill
1a2a3d4b,132,false,04/17/2008 21:26:43,false,true,Users,KennethHill
1a2a3d4c,133,false,04/17/2008 21:26:43,false,false,ENG_Prod,DonnaScott
1a2a3d4c,133,false,04/17/2008 21:26:43,false,false,QualityAssurance,DonnaScott
1a2a3d4c,133,false,04/17/2008 21:26:43,false,false,Users,DonnaScott
1a2a3d4d,134,false,04/17/2008 21:26:43,false,false,ENG_Prod,StevenGreen
1a2a3d4d,134,false,04/17/2008 21:26:43,false,false,HostingVPN,StevenGreen
1a2a3d4d,134,false,04/17/2008 21:26:43,false,false,QualityAssurance,StevenGreen
1a2a3d4d,134,false,04/17/2008 21:26:43,false,false,Users,StevenGreen
1a2a3d4e,135,false,04/17/2008 21:26:43,false,false,ENG_Prod,CarolAdams
1a2a3d4e,135,false,04/17/2008 21:26:43,false,false,QualityAssurance,CarolAdams
1a2a3d4e,135,false,04/17/2008 21:26:43,false,false,ServerRoomToken,CarolAdams
1a2a3d4e,135,false,04/17/2008 21:26:43,false,false,Users,CarolAdams
1a2b,102,false,04/17/2008 21:26:43,false,false,campusAccess,JohnWilliams
1a2b,102,false,04/17/2008 21:26:43,false,false,Users,JohnWilliams
1a2b,102,false,04/17/2008 21:26:43,false,false,VendorCare,JohnWilliams
1a2b3a,108,false,02/28/2008 21:13:58,false,false,RecruitCouncil,WilliamMoore
1a2b3a,108,false,02/28/2008 21:13:58,false,false,Recruiting,WilliamMoore
1a2b3a,108,false,02/28/2008 21:13:58,false,false,Training,WilliamMoore
1a2b3a,108,false,02/28/2008 21:13:58,false,false,Users,WilliamMoore
1a2b3a4a,136,false,04/17/2008 21:26:43,false,false,campusAccess,EdwardBaker
1a2b3a4a,136,false,04/17/2008 21:26:43,false,false,Recruiting,EdwardBaker
1a2b3a4a,136,false,04/17/2008 21:26:43,false,false,Users,EdwardBaker
1a2b3a4b,137,false,04/17/2008 21:26:43,false,false,InvntryAnalysis,RuthGonzalez
1a2b3a4b,137,false,04/17/2008 21:26:43,false,false,Recruiting,RuthGonzalez
1a2b3a4b,137,false,04/17/2008 21:26:43,false,false,Remote,RuthGonzalez
1a2b3a4b,137,false,04/17/2008 21:26:43,false,false,Users,RuthGonzalez
1a2b3a4c,138,false,04/17/2008 21:26:43,false,false,customerDataCenter,BrianNelson
1a2b3a4c,138,false,04/17/2008 21:26:43,false,false,Recruiting,BrianNelson
1a2b3a4c,138,false,04/17/2008 21:26:43,false,false,Users,BrianNelson
1a2b3a4d,139,false,04/17/2008 21:26:43,false,false,DataArchive,SharonCarter
1a2b3a4d,139,false,04/17/2008 21:26:43,false,false,InternalAudit,SharonCarter
1a2b3a4d,139,false,04/17/2008 21:26:43,false,false,Recruiting,SharonCarter
1a2b3a4d,139,false,04/17/2008 21:26:43,false,false,Users,SharonCarter
1a2b3a4e,140,false,04/17/2008 21:26:43,false,false,campusAccess,RonaldMitchell
1a2b3a4e,140,false,04/17/2008 21:26:43,false,false,Recruiting,RonaldMitchell
1a2b3a4e,140,false,04/17/2008 21:26:43,false,false,Users,RonaldMitchell
1a2b3b,109,false,02/28/2008 21:13:58,false,false,InternalAudit,ElizabethTaylor
1a2b3b,109,false,02/28/2008 21:13:58,false,false,Training,ElizabethTaylor
1a2b3b,109,false,02/28/2008 21:13:58,false,false,Users,ElizabethTaylor
1a2b3b4a,141,false,04/17/2008 21:26:43,false,false,SecCompliance,MichellePerez
1a2b3b4a,141,false,04/17/2008 21:26:43,false,false,Training,MichellePerez
1a2b3b4a,141,false,04/17/2008 21:26:43,false,false,Users,MichellePerez
1a2b3b4b,142,false,04/17/2008 21:26:43,false,false,Remote,AnthonyRoberts
1a2b3b4b,142,false,04/17/2008 21:26:43,false,false,Users,AnthonyRoberts
1a2b3b4bx,335,false,04/21/2008 14:30:34,false,false,Training,TonyRoberts
1a2b3b4c,143,false,04/17/2008 21:26:43,false,false,globalExport,LauraTurner
1a2b3b4c,143,false,04/17/2008 21:26:43,false,false,Training,LauraTurner
1a2b3b4c,143,false,04/17/2008 21:26:43,false,false,Users,LauraTurner
1a2b3b4d,144,false,04/17/2008 21:26:43,false,false,campusAccess,KevinPhillips
1a2b3b4d,144,false,04/17/2008 21:26:43,false,false,Training,KevinPhillips
1a2b3b4d,144,false,04/17/2008 21:26:43,false,false,Users,KevinPhillips
1a2b3b4e,145,false,04/17/2008 21:26:43,false,false,ENG_Prod,SarahCampbell
1a2b3b4e,145,false,04/17/2008 21:26:43,false,false,Training,SarahCampbell
1a2b3b4e,145,false,04/17/2008 21:26:43,false,false,Users,SarahCampbell
1a2b3c,110,false,04/17/2008 21:26:43,false,true,Buyer,DavidAnderson
1a2b3c,110,false,04/17/2008 21:26:43,false,true,Cost/SavingsAnalysis,DavidAnderson
1a2b3c,110,false,04/17/2008 21:26:43,false,true,InventoryMgmt,DavidAnderson
1a2b3c,110,false,04/17/2008 21:26:43,false,true,ProcureAnalysis,DavidAnderson
1a2b3c,110,false,04/17/2008 21:26:43,false,true,Users,DavidAnderson
1a2b3c4a,146,false,04/17/2008 21:26:43,false,false,ProcureAnalysis,JasonParker
1a2b3c4a,146,false,04/17/2008 21:26:43,false,false,Users,JasonParker
1a2b3c4a,146,false,04/17/2008 21:26:43,false,false,VendorCare,JasonParker
1a2b3c4b,147,false,04/17/2008 21:26:43,false,false,InvntryAnalysis,KimberlyEvans
1a2b3c4b,147,false,04/17/2008 21:26:43,false,false,ProcureAnalysis,KimberlyEvans
1a2b3c4b,147,false,04/17/2008 21:26:43,false,false,Remote,KimberlyEvans
1a2b3c4b,147,false,04/17/2008 21:26:43,false,false,Users,KimberlyEvans
1a2b3c4c,148,false,04/17/2008 21:26:43,false,false,campusAccess,MatthewEdwards
1a2b3c4c,148,false,04/17/2008 21:26:43,false,false,ProcureAnalysis,MatthewEdwards
1a2b3c4c,148,false,04/17/2008 21:26:43,false,false,Users,MatthewEdwards
1a2b3c4d,149,false,04/17/2008 21:26:43,false,false,Users,DeborahCollins
1a2b3c4dx,336,false,04/21/2008 14:30:34,false,false,InternalAudit,DebCollins
1a2b3c4dx,336,false,04/21/2008 14:30:34,false,false,ProcureAnalysis,DebCollins
1a2b3c4e,150,false,04/17/2008 21:26:43,false,false,customerDataCenter,GaryStewart
1a2b3c4e,150,false,04/17/2008 21:26:43,false,false,ProcureAnalysis,GaryStewart
1a2b3c4e,150,false,04/17/2008 21:26:43,false,false,ServerRoomToken,GaryStewart
1a2b3c4e,150,false,04/17/2008 21:26:43,false,false,Users,GaryStewart
1a2b3d,111,false,04/17/2008 21:26:43,false,false,Cost/SavingsAnalysis,JenniferThomas
1a2b3d,111,false,04/17/2008 21:26:43,false,false,InventoryMgmt,JenniferThomas
1a2b3d,111,false,04/17/2008 21:26:43,false,false,SecCompliance,JenniferThomas
1a2b3d,111,false,04/17/2008 21:26:43,false,false,Users,JenniferThomas
1a2b3d4a,151,false,04/17/2008 21:26:43,false,false,Cost/SavingsAnalysis,JessicaSanchez
1a2b3d4a,151,false,04/17/2008 21:26:43,false,false,HostingVPN,JessicaSanchez
1a2b3d4a,151,false,04/17/2008 21:26:43,false,false,SecCompliance,JessicaSanchez
1a2b3d4a,151,false,04/17/2008 21:26:43,false,false,Users,JessicaSanchez
1a2b3d4b,152,false,02/28/2008 21:13:58,false,false,Cost/SavingsAnalysis,TimothyMorris
1a2b3d4b,152,false,02/28/2008 21:13:58,false,false,DataArchive,TimothyMorris
1a2b3d4b,152,false,02/28/2008 21:13:58,false,false,Remote,TimothyMorris
1a2b3d4b,152,false,02/28/2008 21:13:58,false,false,Users,TimothyMorris
1a2b3d4c,153,false,04/17/2008 21:26:43,false,false,Cost/SavingsAnalysis,ShirleyRogers
1a2b3d4c,153,false,04/17/2008 21:26:43,false,false,SupplyChain,ShirleyRogers
1a2b3d4c,153,false,04/17/2008 21:26:43,false,false,Users,ShirleyRogers
1a2b3d4d,154,false,04/17/2008 21:26:43,false,true,Cost/SavingsAnalysis,JoseReed
1a2b3d4d,154,false,04/17/2008 21:26:43,false,true,globalExport,JoseReed
1a2b3d4d,154,false,04/17/2008 21:26:43,false,true,Users,JoseReed
1a2b3d4d,154,false,04/17/2008 21:26:43,false,true,VendorCare,JoseReed
1a2b3d4e,155,false,04/17/2008 21:26:43,false,false,Cost/SavingsAnalysis,CynthiaCook
1a2b3d4e,155,false,04/17/2008 21:26:43,false,false,ENG_Prod,CynthiaCook
1a2b3d4e,155,false,04/17/2008 21:26:43,false,false,Users,CynthiaCook
1a2c,103,false,04/17/2008 21:26:43,false,false,Users,PatriciaJones
1a2c3a,112,false,04/17/2008 21:26:43,false,false,Users,RichardJackson
1a2c3a4a,156,false,02/28/2008 21:13:58,false,false,campusAccess,LarryMorgan
1a2c3a4a,156,false,02/28/2008 21:13:58,false,false,Users,LarryMorgan
1a2c3a4b,157,false,04/17/2008 21:26:43,false,false,Users,AngelaBell
1a2c3a4bx,337,false,04/21/2008 14:30:34,false,false,InvntryAnalysis,AngieBell
1a2c3a4bx,337,false,04/21/2008 14:30:34,false,false,Remote,AngieBell
1a2c3a4c,158,false,04/17/2008 21:26:43,false,false,Users,JeffreyMurphy
1a2c3a4cx,338,false,04/21/2008 14:30:34,false,false,VendorCare,JeffMurphy
1a2c3a4d,159,false,04/17/2008 21:26:43,false,false,InternalAudit,MelissaBailey
1a2c3a4d,159,false,04/17/2008 21:26:43,false,false,Users,MelissaBailey
1a2c3a4e,160,false,04/17/2008 21:26:43,false,false,campusAccess,FrankRivera
1a2c3a4e,160,false,04/17/2008 21:26:43,false,false,Users,FrankRivera
1a2c3b,113,false,04/17/2008 21:26:43,false,false,DataArchive,MariaWhite
1a2c3b,113,false,04/17/2008 21:26:43,false,false,Users,MariaWhite
1a2c3b4a,161,false,04/17/2008 21:26:43,false,false,SecCompliance,BrendaCooper
1a2c3b4a,161,false,04/17/2008 21:26:43,false,false,Users,BrendaCooper
1a2c3b4b,162,false,04/17/2008 21:26:43,false,false,Remote,ScottRichardson
1a2c3b4b,162,false,04/17/2008 21:26:43,false,false,Users,ScottRichardson
1a2c3b4c,163,false,04/17/2008 21:26:43,false,false,Users,AmyCox
1a2c3b4d,164,false,04/17/2008 21:26:43,false,false,campusAccess,EricHoward
1a2c3b4d,164,false,04/17/2008 21:26:43,false,false,Users,EricHoward
1a2c3b4e,165,false,04/17/2008 21:26:43,false,false,DataArchive,AnnaWard
1a2c3b4e,165,false,04/17/2008 21:26:43,false,false,ServerRoomToken,AnnaWard
1a2c3b4e,165,false,04/17/2008 21:26:43,false,false,Users,AnnaWard
1a2c3c,114,false,04/17/2008 21:26:43,false,false,Users,CharlesHarris
1a2c3c4a,166,false,02/28/2008 21:13:58,false,false,Users,StephenTorres
1a2c3c4b,167,false,04/17/2008 21:26:43,false,false,Remote,RebeccaPeterson
1a2c3c4b,167,false,04/17/2008 21:26:43,false,false,Users,RebeccaPeterson
1a2c3c4c,168,false,04/17/2008 21:26:43,false,false,HostingVPN,AndrewGray
1a2c3c4c,168,false,04/17/2008 21:26:43,false,false,Users,AndrewGray
1a2c3c4d,169,false,04/17/2008 21:26:43,false,false,customerDataCenter,VirginiaRamirez
1a2c3c4d,169,false,04/17/2008 21:26:43,false,false,Users,VirginiaRamirez
1a2c3c4e,170,false,04/17/2008 21:26:43,false,false,Users,RaymondJames
1a2c3d,115,false,04/17/2008 21:26:43,false,false,Users,SusanMartin
1a2c3d4a,171,false,04/17/2008 21:26:43,false,false,SecCompliance,KathleenWatson
1a2c3d4a,171,false,04/17/2008 21:26:43,false,false,Users,KathleenWatson
1a2c3d4b,172,false,04/17/2008 21:26:43,false,false,Remote,GregoryBrooks
1a2c3d4b,172,false,04/17/2008 21:26:43,false,false,Users,GregoryBrooks
1a2c3d4c,173,false,04/17/2008 21:26:43,false,false,Users,PamelaKelly
1a2c3d4d,174,false,04/17/2008 21:26:43,false,false,Users,JoshuaSanders
1a2c3d4e,175,false,04/17/2008 21:26:43,false,false,ENG_Prod,MarthaPrice
1a2c3d4e,175,false,04/17/2008 21:26:43,false,false,Users,MarthaPrice
1b,176,false,04/17/2008 21:26:43,false,true,campusAccess,JerryBennett
1b,176,false,04/17/2008 21:26:43,false,true,globalExport,JerryBennett
1b,176,false,04/17/2008 21:26:43,false,true,Users,JerryBennett
1b2a,177,false,04/17/2008 21:26:43,false,false,InvntryAnalysis,DebraWood
1b2a,177,false,04/17/2008 21:26:43,false,false,SupplyChain,DebraWood
1b2a,177,false,04/17/2008 21:26:43,false,false,Users,DebraWood
1b2a3a,180,false,04/17/2008 21:26:43,false,false,SecCompliance,WalterHenderson
1b2a3a,180,false,04/17/2008 21:26:43,false,false,SecurityArchitect,WalterHenderson
1b2a3a,180,false,04/17/2008 21:26:43,false,false,ServerRoomToken,WalterHenderson
1b2a3a,180,false,04/17/2008 21:26:43,false,false,Users,WalterHenderson
1b2a3a4a,192,false,04/17/2008 21:26:43,false,false,campusAccess,CarlFoster
1b2a3a4a,192,false,04/17/2008 21:26:43,false,false,SecurityArchitect,CarlFoster
1b2a3a4a,192,false,04/17/2008 21:26:43,false,false,Users,CarlFoster
1b2a3a4b,193,false,04/17/2008 21:26:43,false,false,Remote,FrancesGonzales
1b2a3a4b,193,false,04/17/2008 21:26:43,false,false,SecurityArchitect,FrancesGonzales
1b2a3a4b,193,false,04/17/2008 21:26:43,false,false,Users,FrancesGonzales
1b2a3a4c,194,false,04/17/2008 21:26:43,false,false,SecurityArchitect,ArthurBryant
1b2a3a4c,194,false,04/17/2008 21:26:43,false,false,Users,ArthurBryant
1b2a3a4c,194,false,04/17/2008 21:26:43,false,false,VendorCare,ArthurBryant
1b2a3a4d,195,false,04/17/2008 21:26:43,false,false,ENG_Prod,AnnAlexander
1b2a3a4d,195,false,04/17/2008 21:26:43,false,false,SecurityArchitect,AnnAlexander
1b2a3a4d,195,false,04/17/2008 21:26:43,false,false,ServerRoomToken,AnnAlexander
1b2a3a4d,195,false,04/17/2008 21:26:43,false,false,Users,AnnAlexander
1b2a3a4e,196,true,04/17/2008 21:26:43,false,false,Administrators,RyanRussell
1b2a3a4e,196,true,04/17/2008 21:26:43,false,false,root,RyanRussell
1b2a3a4e,196,true,04/17/2008 21:26:43,false,false,SecurityArchitect,RyanRussell
1b2a3a4e,196,true,04/17/2008 21:26:43,false,false,Users,RyanRussell
1b2a3b,181,false,04/17/2008 21:26:43,false,false,DataComm,StephanieColeman
1b2a3b,181,false,04/17/2008 21:26:43,false,false,SecurityArchitect,StephanieColeman
1b2a3b,181,false,04/17/2008 21:26:43,false,false,SysAdministration,StephanieColeman
1b2a3b,181,false,04/17/2008 21:26:43,false,false,TCOMControls,StephanieColeman
1b2a3b,181,false,04/17/2008 21:26:43,false,false,Telecom,StephanieColeman
1b2a3b,181,false,04/17/2008 21:26:43,false,false,Users,StephanieColeman
1b2a3b4a,197,false,04/17/2008 21:26:43,false,false,InvntryAnalysis,JoyceGriffin
1b2a3b4a,197,false,04/17/2008 21:26:43,false,false,SysAdministration,JoyceGriffin
1b2a3b4a,197,false,04/17/2008 21:26:43,false,false,Telecom,JoyceGriffin
1b2a3b4a,197,false,04/17/2008 21:26:43,false,false,Users,JoyceGriffin
1b2a3b4b,198,false,04/17/2008 21:26:43,false,true,Remote,RogerDiaz
1b2a3b4b,198,false,04/17/2008 21:26:43,false,true,SysAdministration,RogerDiaz
1b2a3b4b,198,false,04/17/2008 21:26:43,false,true,Telecom,RogerDiaz
1b2a3b4b,198,false,04/17/2008 21:26:43,false,true,Users,RogerDiaz
1b2a3b4c,200,false,04/17/2008 21:26:43,false,false,customerDataCenter,DianeHayes
1b2a3b4c,200,false,04/17/2008 21:26:43,false,false,HostingVPN,DianeHayes
1b2a3b4c,200,false,04/17/2008 21:26:43,false,false,Telecom,DianeHayes
1b2a3b4c,200,false,04/17/2008 21:26:43,false,false,Users,DianeHayes
1b2a3b4d,201,false,04/17/2008 21:26:43,false,false,DataComm,JoeMyers
1b2a3b4d,201,false,04/17/2008 21:26:43,false,false,SecCompliance,JoeMyers
1b2a3b4d,201,false,04/17/2008 21:26:43,false,false,Telecom,JoeMyers
1b2a3b4d,201,false,04/17/2008 21:26:43,false,false,Users,JoeMyers
1b2a3b4e,202,false,02/28/2008 21:13:58,false,false,DataComm,AliceFord
1b2a3b4e,202,false,02/28/2008 21:13:58,false,false,Telecom,AliceFord
1b2a3b4e,202,false,02/28/2008 21:13:58,false,false,Users,AliceFord
1b2a3c,182,false,04/17/2008 21:26:43,false,false,Development,PatrickJenkins
1b2a3c,182,false,04/17/2008 21:26:43,false,false,ENG_Mgmt,PatrickJenkins
1b2a3c,182,false,04/17/2008 21:26:43,false,false,ENG_Stage,PatrickJenkins
1b2a3c,182,false,04/17/2008 21:26:43,false,false,QualityAssurance,PatrickJenkins
1b2a3c,182,false,04/17/2008 21:26:43,false,false,Users,PatrickJenkins
1b2a3c4a,203,false,04/17/2008 21:26:43,false,false,Development,JuanHamilton
1b2a3c4a,203,false,04/17/2008 21:26:43,false,false,ENG_Stage,JuanHamilton
1b2a3c4a,203,false,04/17/2008 21:26:43,false,false,Users,JuanHamilton
1b2a3c4b,204,false,04/17/2008 21:26:43,false,false,DataArchive,JulieGraham
1b2a3c4b,204,false,04/17/2008 21:26:43,false,false,Development,JulieGraham
1b2a3c4b,204,false,04/17/2008 21:26:43,false,false,ENG_Stage,JulieGraham
1b2a3c4b,204,false,04/17/2008 21:26:43,false,false,Remote,JulieGraham
1b2a3c4b,204,false,04/17/2008 21:26:43,false,false,Users,JulieGraham
1b2a3c4c,205,false,04/17/2008 21:26:43,false,false,Development,JackSullivan
1b2a3c4c,205,false,04/17/2008 21:26:43,false,false,ENG_Prod,JackSullivan
1b2a3c4c,205,false,04/17/2008 21:26:43,false,false,ENG_Stage,JackSullivan
1b2a3c4c,205,false,04/17/2008 21:26:43,false,false,Users,JackSullivan
1b2a3c4d,206,false,04/17/2008 21:26:43,false,false,Development,HeatherWallace
1b2a3c4d,206,false,04/17/2008 21:26:43,false,false,ENG_Stage,HeatherWallace
1b2a3c4d,206,false,04/17/2008 21:26:43,false,false,Users,HeatherWallace
1b2a3c4e,207,false,04/17/2008 21:26:43,false,false,Development,AlbertWoods
1b2a3c4e,207,false,04/17/2008 21:26:43,false,false,ENG_Stage,AlbertWoods
1b2a3c4e,207,false,04/17/2008 21:26:43,false,false,InvntryAnalysis,AlbertWoods
1b2a3c4e,207,false,04/17/2008 21:26:43,false,false,Users,AlbertWoods
1b2a3d,183,false,04/17/2008 21:26:43,false,false,Development,CarolynPerry
1b2a3d,183,false,04/17/2008 21:26:43,false,false,ENG_Mgmt,CarolynPerry
1b2a3d,183,false,04/17/2008 21:26:43,false,false,ENG_Stage,CarolynPerry
1b2a3d,183,false,04/17/2008 21:26:43,false,false,QualityAssurance,CarolynPerry
1b2a3d,183,false,04/17/2008 21:26:43,false,false,Users,CarolynPerry
1b2a3d4a,208,false,04/17/2008 21:26:43,false,false,ENG_Stage,TeresaCole
1b2a3d4a,208,false,04/17/2008 21:26:43,false,false,QualityAssurance,TeresaCole
1b2a3d4a,208,false,04/17/2008 21:26:43,false,false,Users,TeresaCole
1b2a3d4b,209,false,04/17/2008 21:26:43,false,false,ENG_Stage,JonathanWest
1b2a3d4b,209,false,04/17/2008 21:26:43,false,false,InternalAudit,JonathanWest
1b2a3d4b,209,false,04/17/2008 21:26:43,false,false,QualityAssurance,JonathanWest
1b2a3d4b,209,false,04/17/2008 21:26:43,false,false,Users,JonathanWest
1b2a3d4c,210,false,02/28/2008 21:13:58,false,false,ENG_Stage,DorisJordan
1b2a3d4c,210,false,02/28/2008 21:13:58,false,false,QualityAssurance,DorisJordan
1b2a3d4c,210,false,02/28/2008 21:13:58,false,false,ServerRoomToken,DorisJordan
1b2a3d4c,210,false,02/28/2008 21:13:58,false,false,Users,DorisJordan
1b2a3d4d,211,false,04/17/2008 21:26:43,false,false,ENG_Stage,JustinOwens
1b2a3d4d,211,false,04/17/2008 21:26:43,false,false,QualityAssurance,JustinOwens
1b2a3d4d,211,false,04/17/2008 21:26:43,false,false,SecCompliance,JustinOwens
1b2a3d4d,211,false,04/17/2008 21:26:43,false,false,Users,JustinOwens
1b2a3d4e,212,false,04/17/2008 21:26:43,false,false,ENG_Stage,GloriaReynolds
1b2a3d4e,212,false,04/17/2008 21:26:43,false,false,QualityAssurance,GloriaReynolds
1b2a3d4e,212,false,04/17/2008 21:26:43,false,false,Users,GloriaReynolds
1b2a3d4e,1212,false,04/17/2008 21:26:43,false,false,ENG_Stage,GReynolds
1b2a3d4e,1212,false,04/17/2008 21:26:43,false,false,QualityAssurance,GReynolds
1b2a3d4e,1212,false,04/17/2008 21:26:43,false,false,Users,GReynolds
1b2b,178,false,04/17/2008 21:26:43,false,false,DataArchive,DennisBarnes
1b2b,178,false,04/17/2008 21:26:43,false,false,Users,DennisBarnes
1b2b,178,false,04/17/2008 21:26:43,false,false,VendorCare,DennisBarnes
1b2b3a,184,false,04/17/2008 21:26:43,false,false,campusAccess,PeterPowell
1b2b3a,184,false,04/17/2008 21:26:43,false,false,Compensation,PeterPowell
1b2b3a,184,false,04/17/2008 21:26:43,false,false,Users,PeterPowell
1b2b3a4a,213,false,04/17/2008 21:26:43,false,false,Compensation,TerryFisher
1b2b3a4a,213,false,04/17/2008 21:26:43,false,false,SupplyChain,TerryFisher
1b2b3a4a,213,false,04/17/2008 21:26:43,false,false,Users,TerryFisher
1b2b3a4b,214,false,04/17/2008 21:26:43,false,false,Compensation,EvelynEllis
1b2b3a4b,214,false,04/17/2008 21:26:43,false,false,Users,EvelynEllis
1b2b3a4b,214,false,04/17/2008 21:26:43,false,false,VendorCare,EvelynEllis
1b2b3a4c,215,false,04/17/2008 21:26:43,false,false,Compensation,GeraldHarrison
1b2b3a4c,215,false,04/17/2008 21:26:43,false,false,ENG_Prod,GeraldHarrison
1b2b3a4c,215,false,04/17/2008 21:26:43,false,false,Users,GeraldHarrison
1b2b3a4d,216,false,04/17/2008 21:26:43,false,false,campusAccess,JeanGibson
1b2b3a4d,216,false,04/17/2008 21:26:43,false,false,Compensation,JeanGibson
1b2b3a4d,216,false,04/17/2008 21:26:43,false,false,Users,JeanGibson
1b2b3a4e,217,false,04/17/2008 21:26:43,false,false,Compensation,KeithMcdonald
1b2b3a4e,217,false,04/17/2008 21:26:43,false,false,DataArchive,KeithMcdonald
1b2b3a4e,217,false,04/17/2008 21:26:43,false,false,HostingVPN,KeithMcdonald
1b2b3a4e,217,false,04/17/2008 21:26:43,false,false,Users,KeithMcdonald
1b2b3b,185,false,04/17/2008 21:26:43,false,false,Employment,ChristineLong
1b2b3b,185,false,04/17/2008 21:26:43,false,false,HostingVPN,ChristineLong
1b2b3b,185,false,04/17/2008 21:26:43,false,false,RelationsLead,ChristineLong
1b2b3b,185,false,04/17/2008 21:26:43,false,false,Users,ChristineLong
1b2b3b4a,218,false,04/17/2008 21:26:43,false,false,Employment,CherylCruz
1b2b3b4a,218,false,04/17/2008 21:26:43,false,false,Users,CherylCruz
1b2b3b4a,218,false,04/17/2008 21:26:43,false,false,VendorCare,CherylCruz
1b2b3b4b,219,false,04/17/2008 21:26:43,false,false,customerDataCenter,SamuelMarshall
1b2b3b4b,219,false,04/17/2008 21:26:43,false,false,Employment,SamuelMarshall
1b2b3b4b,219,false,04/17/2008 21:26:43,false,false,InternalAudit,SamuelMarshall
1b2b3b4b,219,false,04/17/2008 21:26:43,false,false,Users,SamuelMarshall
1b2b3b4c,220,false,02/28/2008 21:13:58,false,true,campusAccess,MildredOrtiz
1b2b3b4c,220,false,02/28/2008 21:13:58,false,true,Employment,MildredOrtiz
1b2b3b4c,220,false,02/28/2008 21:13:58,false,true,globalExport,MildredOrtiz
1b2b3b4c,220,false,02/28/2008 21:13:58,false,true,Users,MildredOrtiz
1b2b3b4d,221,false,04/17/2008 21:26:43,false,false,Employment,WillieGomez
1b2b3b4d,221,false,04/17/2008 21:26:43,false,false,SecCompliance,WillieGomez
1b2b3b4d,221,false,04/17/2008 21:26:43,false,false,Users,WillieGomez
1b2b3b4e,222,false,04/17/2008 21:26:43,false,false,Employment,KatherineMurray
1b2b3b4e,222,false,04/17/2008 21:26:43,false,false,Users,KatherineMurray
1b2b3b4e,222,false,04/17/2008 21:26:43,false,false,VendorCare,KatherineMurray
1b2b3c,186,false,04/17/2008 21:26:43,false,false,Buyer,HaroldPatterson
1b2b3c,186,false,04/17/2008 21:26:43,false,false,Cost/SavingsAnalysis,HaroldPatterson
1b2b3c,186,false,04/17/2008 21:26:43,false,false,InventoryMgmt,HaroldPatterson
1b2b3c,186,false,04/17/2008 21:26:43,false,false,ProcureAnalysis,HaroldPatterson
1b2b3c,186,false,04/17/2008 21:26:43,false,false,Users,HaroldPatterson
1b2b3c4a,223,false,04/17/2008 21:26:43,false,false,Buyer,RalphFreeman
1b2b3c4a,223,false,04/17/2008 21:26:43,false,false,Users,RalphFreeman
1b2b3c4b,224,false,04/17/2008 21:26:43,false,false,Buyer,JoanWells
1b2b3c4b,224,false,04/17/2008 21:26:43,false,false,campusAccess,JoanWells
1b2b3c4b,224,false,04/17/2008 21:26:43,false,false,Users,JoanWells
1b2b3c4c,225,false,04/17/2008 21:26:43,false,false,Buyer,LawrenceWebb
1b2b3c4c,225,false,04/17/2008 21:26:43,false,false,ENG_Prod,LawrenceWebb
1b2b3c4c,225,false,04/17/2008 21:26:43,false,false,ServerRoomToken,LawrenceWebb
1b2b3c4c,225,false,04/17/2008 21:26:43,false,false,Users,LawrenceWebb
1b2b3c4d,226,false,04/17/2008 21:26:43,false,false,Buyer,AshleySimpson
1b2b3c4d,226,false,04/17/2008 21:26:43,false,false,DataArchive,AshleySimpson
1b2b3c4d,226,false,04/17/2008 21:26:43,false,false,Users,AshleySimpson
1b2b3c4e,227,false,04/17/2008 21:26:43,false,false,Buyer,NicholasStevens
1b2b3c4e,227,false,04/17/2008 21:26:43,false,false,InvntryAnalysis,NicholasStevens
1b2b3c4e,227,false,04/17/2008 21:26:43,false,false,Users,NicholasStevens
1b2b3d,187,false,04/17/2008 21:26:43,false,false,Buyer,MarieHughes
1b2b3d,187,false,04/17/2008 21:26:43,false,false,InventoryMgmt,MarieHughes
1b2b3d,187,false,04/17/2008 21:26:43,false,false,InvntryAnalysis,MarieHughes
1b2b3d,187,false,04/17/2008 21:26:43,false,false,Users,MarieHughes
1b2b3d4a,228,false,04/17/2008 21:26:43,false,false,Buyer,JudithTucker
1b2b3d4a,228,false,04/17/2008 21:26:43,false,false,campusAccess,JudithTucker
1b2b3d4a,228,false,04/17/2008 21:26:43,false,false,Users,JudithTucker
1b2b3d4b,229,false,02/28/2008 21:13:58,false,false,Buyer,RoyPorter
1b2b3d4b,229,false,02/28/2008 21:13:58,false,false,InternalAudit,RoyPorter
1b2b3d4b,229,false,02/28/2008 21:13:58,false,false,Users,RoyPorter
1b2b3d4c,230,false,04/17/2008 21:26:43,false,false,Buyer,RoseHunter
1b2b3d4c,230,false,04/17/2008 21:26:43,false,false,Users,RoseHunter
1b2b3d4c,230,false,04/17/2008 21:26:43,false,false,VendorCare,RoseHunter
1b2b3d4d,231,false,04/17/2008 21:26:43,false,false,Buyer,BenjaminHicks
1b2b3d4d,231,false,04/17/2008 21:26:43,false,false,globalExport,BenjaminHicks
1b2b3d4d,231,false,04/17/2008 21:26:43,false,false,SecCompliance,BenjaminHicks
1b2b3d4d,231,false,04/17/2008 21:26:43,false,false,Users,BenjaminHicks
1b2b3d4e,232,false,02/28/2008 21:13:58,false,false,Buyer,JaniceCrawford
1b2b3d4e,232,false,02/28/2008 21:13:58,false,false,campusAccess,JaniceCrawford
1b2b3d4e,232,false,02/28/2008 21:13:58,false,false,Users,JaniceCrawford
1b2c,179,false,04/17/2008 21:26:43,false,false,InternalAudit,AmandaRoss
1b2c,179,false,04/17/2008 21:26:43,false,false,Users,AmandaRoss
1b2c3a,188,false,02/28/2008 21:13:58,false,false,customerDataCenter,DouglasFlores
1b2c3a,188,false,02/28/2008 21:13:58,false,false,Users,DouglasFlores
1b2c3a4a,233,false,04/17/2008 21:26:43,false,false,SupplyChain,BruceHenry
1b2c3a4a,233,false,04/17/2008 21:26:43,false,false,Users,BruceHenry
1b2c3a4b,234,false,04/17/2008 21:26:43,false,false,HostingVPN,KellyBoyd
1b2c3a4b,234,false,04/17/2008 21:26:43,false,false,Users,KellyBoyd
1b2c3a4c,235,false,04/17/2008 21:26:43,false,false,ENG_Prod,BrandonMason
1b2c3a4c,235,false,04/17/2008 21:26:43,false,false,Users,BrandonMason
1b2c3a4d,236,false,02/28/2008 21:13:58,false,false,campusAccess,NicoleMorales
1b2c3a4d,236,false,02/28/2008 21:13:58,false,false,Users,NicoleMorales
1b2c3a4e,237,false,04/17/2008 21:26:43,false,false,InvntryAnalysis,AdamKennedy
1b2c3a4e,237,false,04/17/2008 21:26:43,false,false,Users,AdamKennedy
1b2c3b,189,false,04/17/2008 21:26:43,false,false,InternalAudit,JanetWashington
1b2c3b,189,false,04/17/2008 21:26:43,false,false,Users,JanetWashington
1b2c3b4a,238,false,04/17/2008 21:26:43,false,false,customerDataCenter,JudyWarren
1b2c3b4a,238,false,04/17/2008 21:26:43,false,false,Users,JudyWarren
1b2c3b4b,239,false,04/17/2008 21:26:43,false,false,DataArchive,HarryDixon
1b2c3b4b,239,false,04/17/2008 21:26:43,false,false,InternalAudit,HarryDixon
1b2c3b4b,239,false,04/17/2008 21:26:43,false,false,Users,HarryDixon
1b2c3b4c,240,false,04/17/2008 21:26:43,false,false,ServerRoomToken,ChristinaRamos
1b2c3b4c,240,false,04/17/2008 21:26:43,false,false,Users,ChristinaRamos
1b2c3b4d,241,false,04/17/2008 21:26:43,false,false,SecCompliance,FredReyes
1b2c3b4d,241,false,04/17/2008 21:26:43,false,false,Users,FredReyes
1b2c3b4e,242,false,04/17/2008 21:26:43,false,true,globalExport,KathyBurns
1b2c3b4e,242,false,04/17/2008 21:26:43,false,true,Users,KathyBurns
1b2c3b4e,242,false,04/17/2008 21:26:43,false,true,VendorCare,KathyBurns
1b2c3c,190,false,04/17/2008 21:26:43,false,false,Users,HenryButler
1b2c3c4a,243,false,02/28/2008 21:13:58,false,false,Users,WayneGordon
1b2c3c4b,244,false,04/17/2008 21:26:43,false,false,Users,TheresaShaw
1b2c3c4c,245,false,04/17/2008 21:26:43,false,false,ENG_Prod,BillyHolmes
1b2c3c4c,245,false,04/17/2008 21:26:43,false,false,Users,BillyHolmes
1b2c3c4d,246,false,04/17/2008 21:26:43,false,false,Users,BeverlyRice
1b2c3c4e,247,false,04/17/2008 21:26:43,false,false,InvntryAnalysis,SteveRobertson
1b2c3c4e,247,false,04/17/2008 21:26:43,false,false,Users,SteveRobertson
1b2c3d,191,false,04/17/2008 21:26:43,false,false,DataArchive,CatherineSimmons
1b2c3d,191,false,04/17/2008 21:26:43,false,false,Users,CatherineSimmons
1b2c3d4a,248,false,04/17/2008 21:26:43,false,false,Users,DeniseHunt
1b2c3d4b,249,false,04/17/2008 21:26:43,false,false,InternalAudit,LouisBlack
1b2c3d4b,249,false,04/17/2008 21:26:43,false,false,Users,LouisBlack
1b2c3d4c,250,false,04/17/2008 21:26:43,false,false,customerDataCenter,TammyDaniels
1b2c3d4c,250,false,04/17/2008 21:26:43,false,false,Users,TammyDaniels
1b2c3d4d,251,false,04/17/2008 21:26:43,false,false,HostingVPN,JeremyPalmer
1b2c3d4d,251,false,04/17/2008 21:26:43,false,false,Users,JeremyPalmer
1b2c3d4e,252,false,04/17/2008 21:26:43,false,false,DataArchive,IreneMills
1b2c3d4e,252,false,04/17/2008 21:26:43,false,false,Users,IreneMills
1c,253,false,04/17/2008 21:26:43,false,false,globalExport,AaronNichols
1c,253,false,04/17/2008 21:26:43,false,false,SupplyChain,AaronNichols
1c,253,false,04/17/2008 21:26:43,false,false,Users,AaronNichols
1c2a,254,false,04/17/2008 21:26:43,false,false,campusAccess,JaneGrant
1c2a,254,false,04/17/2008 21:26:43,false,false,Users,JaneGrant
1c2a,254,false,04/17/2008 21:26:43,false,false,VendorCare,JaneGrant
1c2a3a,257,false,04/17/2008 21:26:43,false,false,HelpDesk,HowardRose
1c2a3a,257,false,04/17/2008 21:26:43,false,false,SysAdministration,HowardRose
1c2a3a,257,false,04/17/2008 21:26:43,false,false,UnixAdministration,HowardRose
1c2a3a,257,false,04/17/2008 21:26:43,false,false,Users,HowardRose
1c2a3a,257,false,04/17/2008 21:26:43,false,false,WindowsAdministration,HowardRose
1c2a3a4a,269,true,04/17/2008 21:26:43,false,false,Administrators,MartinMatthews
1c2a3a4a,269,true,04/17/2008 21:26:43,false,false,customerDataCenter,MartinMatthews
1c2a3a4a,269,true,04/17/2008 21:26:43,false,false,HelpDesk,MartinMatthews
1c2a3a4a,269,true,04/17/2008 21:26:43,false,false,Users,MartinMatthews
1c2a3a4a,269,true,04/17/2008 21:26:43,false,false,WindowsAdministration,MartinMatthews
1c2a3a4b,270,false,04/17/2008 21:26:43,false,false,HelpDesk,AnneArnold
1c2a3a4b,270,false,04/17/2008 21:26:43,false,false,ServerRoomToken,AnneArnold
1c2a3a4b,270,false,04/17/2008 21:26:43,false,false,Users,AnneArnold
1c2a3a4b,270,false,04/17/2008 21:26:43,false,false,WindowsAdministration,AnneArnold
1c2a3a4c,271,false,04/17/2008 21:26:43,false,false,HelpDesk,ErnestWagner
1c2a3a4c,271,false,04/17/2008 21:26:43,false,false,SecCompliance,ErnestWagner
1c2a3a4c,271,false,04/17/2008 21:26:43,false,false,Users,ErnestWagner
1c2a3a4c,271,false,04/17/2008 21:26:43,false,false,WindowsAdministration,ErnestWagner
1c2a3a4d,272,false,04/17/2008 21:26:43,false,false,HelpDesk,JacquelineWillis
1c2a3a4d,272,false,04/17/2008 21:26:43,false,false,Users,JacquelineWillis
1c2a3a4d,272,false,04/17/2008 21:26:43,false,false,WindowsAdministration,JacquelineWillis
1c2a3a4e,273,false,04/17/2008 21:26:43,false,false,HelpDesk,PhillipRay
1c2a3a4e,273,false,04/17/2008 21:26:43,false,false,Users,PhillipRay
1c2a3a4e,273,false,04/17/2008 21:26:43,false,false,WindowsAdministration,PhillipRay
1c2a3b,258,false,04/17/2008 21:26:43,false,false,SysAdministration,RachelStone
1c2a3b,258,false,04/17/2008 21:26:43,false,false,UnixAdministration,RachelStone
1c2a3b,258,false,04/17/2008 21:26:43,false,false,Users,RachelStone
1c2a3b,258,false,04/17/2008 21:26:43,false,false,WindowsAdministration,RachelStone
1c2a3b4a,274,true,04/17/2008 21:26:43,false,false,root,WandaWatkins
1c2a3b4a,274,true,04/17/2008 21:26:43,false,false,UnixAdministration,WandaWatkins
1c2a3b4a,274,true,04/17/2008 21:26:43,false,false,Users,WandaWatkins
1c2a3b4b,275,false,04/17/2008 21:26:43,false,false,ENG_Prod,ToddOlson
1c2a3b4b,275,false,04/17/2008 21:26:43,false,false,UnixAdministration,ToddOlson
1c2a3b4b,275,false,04/17/2008 21:26:43,false,false,Users,ToddOlson
1c2a3b4c,276,false,04/17/2008 21:26:43,false,false,UnixAdministration,BonnieCarroll
1c2a3b4c,276,false,04/17/2008 21:26:43,false,false,Users,BonnieCarroll
1c2a3b4d,277,false,04/17/2008 21:26:43,false,false,InvntryAnalysis,JesseDuncan
1c2a3b4d,277,false,04/17/2008 21:26:43,false,false,UnixAdministration,JesseDuncan
1c2a3b4d,277,false,04/17/2008 21:26:43,false,false,Users,JesseDuncan
1c2a3b4e,278,false,04/17/2008 21:26:43,false,false,DataArchive,JuliaSnyder
1c2a3b4e,278,false,04/17/2008 21:26:43,false,false,UnixAdministration,JuliaSnyder
1c2a3b4e,278,false,04/17/2008 21:26:43,false,false,Users,JuliaSnyder
1c2a3c,259,false,04/17/2008 21:26:43,false,false,Development,EugeneHawkins
1c2a3c,259,false,04/17/2008 21:26:43,false,false,ENG_Internal,EugeneHawkins
1c2a3c,259,false,04/17/2008 21:26:43,false,false,ENG_Mgmt,EugeneHawkins
1c2a3c,259,false,04/17/2008 21:26:43,false,false,QualityAssurance,EugeneHawkins
1c2a3c,259,false,04/17/2008 21:26:43,false,false,Users,EugeneHawkins
1c2a3c4a,279,false,04/17/2008 21:26:43,false,false,Development,CraigHart
1c2a3c4a,279,false,04/17/2008 21:26:43,false,false,ENG_Internal,CraigHart
1c2a3c4a,279,false,04/17/2008 21:26:43,false,false,InternalAudit,CraigHart
1c2a3c4a,279,false,04/17/2008 21:26:43,false,false,Users,CraigHart
1c2a3c4b,280,false,04/17/2008 21:26:43,false,false,Development,RubyCunningham
1c2a3c4b,280,false,04/17/2008 21:26:43,false,false,ENG_Internal,RubyCunningham
1c2a3c4b,280,false,04/17/2008 21:26:43,false,false,Users,RubyCunningham
1c2a3c4c,281,false,04/17/2008 21:26:43,false,false,Development,AlanBradley
1c2a3c4c,281,false,04/17/2008 21:26:43,false,false,ENG_Internal,AlanBradley
1c2a3c4c,281,false,04/17/2008 21:26:43,false,false,SecCompliance,AlanBradley
1c2a3c4c,281,false,04/17/2008 21:26:43,false,false,Users,AlanBradley
1c2a3c4d,282,false,04/17/2008 21:26:43,false,false,Development,LoisLane
1c2a3c4d,282,false,04/17/2008 21:26:43,false,false,ENG_Internal,LoisLane
1c2a3c4d,282,false,04/17/2008 21:26:43,false,false,Users,LoisLane
1c2a3c4e,283,false,04/17/2008 21:26:43,false,false,Development,ShawnAndrews
1c2a3c4e,283,false,04/17/2008 21:26:43,false,false,ENG_Internal,ShawnAndrews
1c2a3c4e,283,false,04/17/2008 21:26:43,false,false,Users,ShawnAndrews
1c2a3d,260,false,04/17/2008 21:26:43,false,false,Development,MarilynDunn
1c2a3d,260,false,04/17/2008 21:26:43,false,false,ENG_Internal,MarilynDunn
1c2a3d,260,false,04/17/2008 21:26:43,false,false,ENG_Mgmt,MarilynDunn
1c2a3d,260,false,04/17/2008 21:26:43,false,false,QualityAssurance,MarilynDunn
1c2a3d,260,false,04/17/2008 21:26:43,false,false,Users,MarilynDunn
1c2a3d4a,284,false,04/17/2008 21:26:43,false,false,ENG_Internal,TinaRuiz
1c2a3d4a,284,false,04/17/2008 21:26:43,false,false,QualityAssurance,TinaRuiz
1c2a3d4a,284,false,04/17/2008 21:26:43,false,false,Users,TinaRuiz
1c2a3d4b,285,false,04/17/2008 21:26:43,false,false,ENG_Internal,ClarenceHarper
1c2a3d4b,285,false,04/17/2008 21:26:43,false,false,HostingVPN,ClarenceHarper
1c2a3d4b,285,false,04/17/2008 21:26:43,false,false,QualityAssurance,ClarenceHarper
1c2a3d4b,285,false,04/17/2008 21:26:43,false,false,ServerRoomToken,ClarenceHarper
1c2a3d4b,285,false,04/17/2008 21:26:43,false,false,Users,ClarenceHarper
1c2a3d4b,1285,false,04/17/2008 21:26:43,false,false,ENG_Internal,CHarper
1c2a3d4b,1285,false,04/17/2008 21:26:43,false,false,HostingVPN,CHarper
1c2a3d4b,1285,false,04/17/2008 21:26:43,false,false,QualityAssurance,CHarper
1c2a3d4b,1285,false,04/17/2008 21:26:43,false,false,ServerRoomToken,CHarper
1c2a3d4b,1285,false,04/17/2008 21:26:43,false,false,Users,CHarper
1c2a3d4c,286,false,04/17/2008 21:26:43,false,true,ENG_Internal,PhyllisFox
1c2a3d4c,286,false,04/17/2008 21:26:43,false,true,globalExport,PhyllisFox
1c2a3d4c,286,false,04/17/2008 21:26:43,false,true,QualityAssurance,PhyllisFox
1c2a3d4c,286,false,04/17/2008 21:26:43,false,true,Users,PhyllisFox
1c2a3d4d,287,false,04/17/2008 21:26:43,false,false,ENG_Internal,SeanRiley
1c2a3d4d,287,false,04/17/2008 21:26:43,false,false,InvntryAnalysis,SeanRiley
1c2a3d4d,287,false,04/17/2008 21:26:43,false,false,QualityAssurance,SeanRiley
1c2a3d4d,287,false,04/17/2008 21:26:43,false,false,Users,SeanRiley
1c2a3d4e,288,false,04/17/2008 21:26:43,false,false,customerDataCenter,NormaArmstrong
1c2a3d4e,288,false,04/17/2008 21:26:43,false,false,ENG_Internal,NormaArmstrong
1c2a3d4e,288,false,04/17/2008 21:26:43,false,false,QualityAssurance,NormaArmstrong
1c2a3d4e,288,false,04/17/2008 21:26:43,false,false,Users,NormaArmstrong
1c2b,255,false,04/17/2008 21:26:43,false,false,ENG_Prod,RandyKnight
1c2b,255,false,04/17/2008 21:26:43,false,false,ServerRoomToken,RandyKnight
1c2b,255,false,04/17/2008 21:26:43,false,false,Users,RandyKnight
1c2b3a,261,false,04/17/2008 21:26:43,false,false,BenefitCommittee,CarlosPerkins
1c2b3a,261,false,04/17/2008 21:26:43,false,false,Benefits,CarlosPerkins
1c2b3a,261,false,04/17/2008 21:26:43,false,false,CompCommittee,CarlosPerkins
1c2b3a,261,false,04/17/2008 21:26:43,false,false,Compensation,CarlosPerkins
1c2b3a,261,false,04/17/2008 21:26:43,false,false,Users,CarlosPerkins
1c2b3a4a,289,false,04/17/2008 21:26:43,false,false,BenefitCommittee,PhilipCarpenter
1c2b3a4a,289,false,04/17/2008 21:26:43,false,false,Benefits,PhilipCarpenter
1c2b3a4a,289,false,04/17/2008 21:26:43,false,false,InternalAudit,PhilipCarpenter
1c2b3a4a,289,false,04/17/2008 21:26:43,false,false,Users,PhilipCarpenter
1c2b3a4b,290,false,04/17/2008 21:26:43,false,false,Benefits,PaulaWeaver
1c2b3a4b,290,false,04/17/2008 21:26:43,false,false,Users,PaulaWeaver
1c2b3a4b,290,false,04/17/2008 21:26:43,false,false,VendorCare,PaulaWeaver
1c2b3a4c,291,false,04/17/2008 21:26:43,false,false,Benefits,ChrisGreene
1c2b3a4c,291,false,04/17/2008 21:26:43,false,false,DataArchive,ChrisGreene
1c2b3a4c,291,false,04/17/2008 21:26:43,false,false,SecCompliance,ChrisGreene
1c2b3a4c,291,false,04/17/2008 21:26:43,false,false,Users,ChrisGreene
1c2b3a4d,292,false,04/17/2008 21:26:43,false,false,Benefits,DianaLawrence
1c2b3a4d,292,false,04/17/2008 21:26:43,false,false,campusAccess,DianaLawrence
1c2b3a4d,292,false,04/17/2008 21:26:43,false,false,Users,DianaLawrence
1c2b3a4e,293,false,04/17/2008 21:26:43,false,false,Benefits,JohnnyElliott
1c2b3a4e,293,false,04/17/2008 21:26:43,false,false,SupplyChain,JohnnyElliott
1c2b3a4e,293,false,04/17/2008 21:26:43,false,false,Users,JohnnyElliott
1c2b3b,262,false,04/17/2008 21:26:43,false,false,BenefitCommittee,AndreaHudson
1c2b3b,262,false,04/17/2008 21:26:43,false,false,Benefits,AndreaHudson
1c2b3b,262,false,04/17/2008 21:26:43,false,false,CompCommittee,AndreaHudson
1c2b3b,262,false,04/17/2008 21:26:43,false,false,Compensation,AndreaHudson
1c2b3b,262,false,04/17/2008 21:26:43,false,false,Users,AndreaHudson
1c2b3b4a,294,false,04/17/2008 21:26:43,false,false,BenefitCommittee,AnnieChavez
1c2b3b4a,294,false,04/17/2008 21:26:43,false,false,Benefits,AnnieChavez
1c2b3b4a,294,false,04/17/2008 21:26:43,false,false,Users,AnnieChavez
1c2b3b4b,295,false,04/17/2008 21:26:43,false,false,Benefits,EarlSims
1c2b3b4b,295,false,04/17/2008 21:26:43,false,false,ENG_Prod,EarlSims
1c2b3b4b,295,false,04/17/2008 21:26:43,false,false,Users,EarlSims
1c2b3b4c,296,false,04/17/2008 21:26:43,false,false,Benefits,LillianAustin
1c2b3b4c,296,false,04/17/2008 21:26:43,false,false,campusAccess,LillianAustin
1c2b3b4c,296,false,04/17/2008 21:26:43,false,false,Users,LillianAustin
1c2b3b4d,297,false,04/17/2008 21:26:43,false,false,Benefits,JimmyPeters
1c2b3b4d,297,false,04/17/2008 21:26:43,false,false,globalExport,JimmyPeters
1c2b3b4d,297,false,04/17/2008 21:26:43,false,false,InvntryAnalysis,JimmyPeters
1c2b3b4d,297,false,04/17/2008 21:26:43,false,false,Users,JimmyPeters
1c2b3b4e,298,false,04/17/2008 21:26:43,false,false,Benefits,EmilyKelley
1c2b3b4e,298,false,04/17/2008 21:26:43,false,false,Users,EmilyKelley
1c2b3b4e,298,false,04/17/2008 21:26:43,false,false,VendorCare,EmilyKelley
1c2b3c,263,false,04/17/2008 21:26:43,false,false,InventoryMgmt,RussellSpencer
1c2b3c,263,false,04/17/2008 21:26:43,false,false,InvntryAnalysis,RussellSpencer
1c2b3c,263,false,04/17/2008 21:26:43,false,false,ReceivAnalysis,RussellSpencer
1c2b3c,263,false,04/17/2008 21:26:43,false,false,Users,RussellSpencer
1c2b3c4a,299,false,04/17/2008 21:26:43,false,false,InternalAudit,AntonioFranklin
1c2b3c4a,299,false,04/17/2008 21:26:43,false,false,InvntryAnalysis,AntonioFranklin
1c2b3c4a,299,false,04/17/2008 21:26:43,false,false,Users,AntonioFranklin
1c2b3c4b,300,false,04/17/2008 21:26:43,false,false,customerDataCenter,RobinLawson
1c2b3c4b,300,false,04/17/2008 21:26:43,false,false,HostingVPN,RobinLawson
1c2b3c4b,300,false,04/17/2008 21:26:43,false,false,InvntryAnalysis,RobinLawson
1c2b3c4b,300,false,04/17/2008 21:26:43,false,false,ServerRoomToken,RobinLawson
1c2b3c4b,300,false,04/17/2008 21:26:43,false,false,Users,RobinLawson
1c2b3c4c,301,false,04/17/2008 21:26:43,false,false,InvntryAnalysis,DannyFields
1c2b3c4c,301,false,04/17/2008 21:26:43,false,false,SecCompliance,DannyFields
1c2b3c4c,301,false,04/17/2008 21:26:43,false,false,Users,DannyFields
1c2b3c4d,302,false,04/17/2008 21:26:43,false,false,InvntryAnalysis,PeggyGutierrez
1c2b3c4d,302,false,04/17/2008 21:26:43,false,false,Users,PeggyGutierrez
1c2b3c4d,302,false,04/17/2008 21:26:43,false,false,VendorCare,PeggyGutierrez
1c2b3c4e,303,false,04/17/2008 21:26:43,false,false,InvntryAnalysis,BryanRyan
1c2b3c4e,303,false,04/17/2008 21:26:43,false,false,Users,BryanRyan
1c2b3d,264,false,04/17/2008 21:26:43,false,true,InventoryMgmt,KathrynGardner
1c2b3d,264,false,04/17/2008 21:26:43,false,true,InvntryAnalysis,KathrynGardner
1c2b3d,264,false,04/17/2008 21:26:43,false,true,ReceivAnalysis,KathrynGardner
1c2b3d,264,false,04/17/2008 21:26:43,false,true,Users,KathrynGardner
1c2b3d4a,304,false,04/17/2008 21:26:43,false,false,DataArchive,CrystalSchmidt
1c2b3d4a,304,false,04/17/2008 21:26:43,false,false,ReceivAnalysis,CrystalSchmidt
1c2b3d4a,304,false,04/17/2008 21:26:43,false,false,Users,CrystalSchmidt
1c2b3d4b,305,false,04/17/2008 21:26:43,false,false,ENG_Prod,TonyCarr
1c2b3d4b,305,false,04/17/2008 21:26:43,false,false,ReceivAnalysis,TonyCarr
1c2b3d4b,305,false,04/17/2008 21:26:43,false,false,Users,TonyCarr
1c2b3d4c,306,false,04/17/2008 21:26:43,false,false,ReceivAnalysis,GladysVasquez
1c2b3d4c,306,false,04/17/2008 21:26:43,false,false,Users,GladysVasquez
1c2b3d4c,306,false,04/17/2008 21:26:43,false,false,VendorCare,GladysVasquez
1c2b3d4d,307,false,04/17/2008 21:26:43,false,false,InvntryAnalysis,LuisCastillo
1c2b3d4d,307,false,04/17/2008 21:26:43,false,false,ReceivAnalysis,LuisCastillo
1c2b3d4d,307,false,04/17/2008 21:26:43,false,false,Users,LuisCastillo
1c2b3d4e,308,false,04/17/2008 21:26:43,false,true,campusAccess,RitaWheeler
1c2b3d4e,308,false,04/17/2008 21:26:43,false,true,globalExport,RitaWheeler
1c2b3d4e,308,false,04/17/2008 21:26:43,false,true,ReceivAnalysis,RitaWheeler
1c2b3d4e,308,false,04/17/2008 21:26:43,false,true,Users,RitaWheeler
1c2c,256,false,04/17/2008 21:26:43,false,false,campusAccess,LoriFerguson
1c2c,256,false,04/17/2008 21:26:43,false,false,Users,LoriFerguson
1c2c3a,265,false,04/17/2008 21:26:43,false,false,DataArchive,BobbyStephens
1c2c3a,265,false,04/17/2008 21:26:43,false,false,Users,BobbyStephens
1c2c3a4a,309,false,04/17/2008 21:26:43,false,false,InternalAudit,MikeChapman
1c2c3a4a,309,false,04/17/2008 21:26:43,false,false,Users,MikeChapman
1c2c3a4b,310,false,04/17/2008 21:26:43,false,false,Users,DawnOliver
1c2c3a4b,310,false,04/17/2008 21:26:43,false,false,VendorCare,DawnOliver
1c2c3a4c,311,false,04/17/2008 21:26:43,false,false,SecCompliance,StanleyMontgomery
1c2c3a4c,311,false,04/17/2008 21:26:43,false,false,Users,StanleyMontgomery
1c2c3a4d,312,false,04/17/2008 21:26:43,false,false,campusAccess,ConnieRichards
1c2c3a4d,312,false,04/17/2008 21:26:43,false,false,Users,ConnieRichards
1c2c3a4e,313,false,04/17/2008 21:26:43,false,false,SupplyChain,LeonardWilliamson
1c2c3a4e,313,false,04/17/2008 21:26:43,false,false,Users,LeonardWilliamson
1c2c3b,266,false,04/17/2008 21:26:43,false,false,Users,LouisePayne
1c2c3b,266,false,04/17/2008 21:26:43,false,false,VendorCare,LouisePayne
1c2c3b4a,314,false,04/17/2008 21:26:43,false,false,Users,FlorenceJohnston
1c2c3b4ax,339,false,04/21/2008 14:30:34,false,false,VendorCare,FloJohnston
1c2c3b4b,315,false,04/17/2008 21:26:43,false,false,ENG_Prod,NathanBanks
1c2c3b4b,315,false,04/17/2008 21:26:43,false,false,ServerRoomToken,NathanBanks
1c2c3b4b,315,false,04/17/2008 21:26:43,false,false,Users,NathanBanks
1c2c3b4c,316,false,04/17/2008 21:26:43,false,false,campusAccess,TracyMeyer
1c2c3b4c,316,false,04/17/2008 21:26:43,false,false,Users,TracyMeyer
1c2c3b4d,317,false,04/17/2008 21:26:43,false,false,DataArchive,DaleBishop
1c2c3b4d,317,false,04/17/2008 21:26:43,false,false,HostingVPN,DaleBishop
1c2c3b4d,317,false,04/17/2008 21:26:43,false,false,Users,DaleBishop
1c2c3b4e,318,false,04/17/2008 21:26:43,false,false,Users,EdnaMccoy
1c2c3b4e,318,false,04/17/2008 21:26:43,false,false,VendorCare,EdnaMccoy
1c2c3c,267,false,04/17/2008 21:26:43,false,false,InvntryAnalysis,VictorPierce
1c2c3c,267,false,04/17/2008 21:26:43,false,false,Users,VictorPierce
1c2c3c4a,319,false,04/17/2008 21:26:43,false,false,customerDataCenter,ManuelHowell
1c2c3c4a,319,false,04/17/2008 21:26:43,false,false,InternalAudit,ManuelHowell
1c2c3c4a,319,false,04/17/2008 21:26:43,false,false,Users,ManuelHowell
1c2c3c4b,320,false,04/17/2008 21:26:43,false,false,campusAccess,TiffanyAlvarez
1c2c3c4b,320,false,04/17/2008 21:26:43,false,false,Users,TiffanyAlvarez
1c2c3c4b,1320,false,04/17/2008 21:26:43,false,false,campusAccess,TAlvarez
1c2c3c4b,1320,false,04/17/2008 21:26:43,false,false,Users,TAlvarez
1c2c3c4c,321,false,02/28/2008 21:13:58,false,false,SecCompliance,RodneyMorrison
1c2c3c4c,321,false,02/28/2008 21:13:58,false,false,Users,RodneyMorrison
1c2c3c4d,322,false,04/17/2008 21:26:43,false,false,Users,CarmenHansen
1c2c3c4d,322,false,04/17/2008 21:26:43,false,false,VendorCare,CarmenHansen
1c2c3c4e,323,false,04/17/2008 21:26:43,false,false,Users,CurtisFernandez
1c2c3d,268,false,04/17/2008 21:26:43,false,false,HostingVPN,SaraBerry
1c2c3d,268,false,04/17/2008 21:26:43,false,false,Users,SaraBerry
1c2c3d4a,324,false,04/17/2008 21:26:43,false,false,campusAccess,RosaGarza
1c2c3d4a,324,false,04/17/2008 21:26:43,false,false,Users,RosaGarza
1c2c3d4b,325,false,04/17/2008 21:26:43,false,false,ENG_Prod,NormanHarvey
1c2c3d4b,325,false,04/17/2008 21:26:43,false,false,Users,NormanHarvey
1c2c3d4c,326,false,04/17/2008 21:26:43,false,false,Users,CindyLittle
1c2c3d4c,326,false,04/17/2008 21:26:43,false,false,VendorCare,CindyLittle
1c2c3d4d,327,false,04/17/2008 21:26:43,false,false,InvntryAnalysis,AllenBurton
1c2c3d4d,327,false,04/17/2008 21:26:43,false,false,Users,AllenBurton
1c2c3d4e,328,false,04/17/2008 21:26:43,false,false,campusAccess,GraceStanley
1c2c3d4e,328,false,04/17/2008 21:26:43,false,false,Users,GraceStanley
1d1a2a3a4b,340,false,04/21/2008 14:30:34,false,false,DBAs,MarvinNguyen
1d1a2a3a4b,340,false,04/21/2008 14:30:34,false,false,HostingVPN,MarvinNguyen
1d1a2a3a4b,340,false,04/21/2008 14:30:34,false,false,Remote,MarvinNguyen
1d1a2a3a4b,340,false,04/21/2008 14:30:34,false,false,Users,MarvinNguyen
1d1a2c3d4a,341,false,04/21/2008 14:30:34,false,false,SecCompliance,WendyGeorge
1d1a2c3d4a,341,false,04/21/2008 14:30:34,false,false,Users,WendyGeorge
Administrator,199,true,04/17/2008 21:26:43,true,false,Administrators,Administrator
Administrator,199,true,04/17/2008 21:26:43,true,false,Users,Administrator
guest,329,false,04/17/2008 21:26:43,true,false,Users,guest
mail,332,false,04/17/2008 21:26:43,true,false,Users,mail
nobody,330,false,04/17/2008 21:26:43,true,true,Users,nobody
root,331,true,04/17/2008 21:26:43,true,false,root,root
root,331,true,04/17/2008 21:26:43,true,false,Users,root
sa,333,true,04/17/2008 21:26:43,true,false,sysadmin,sa
sa,333,true,04/17/2008 21:26:43,true,false,Users,sa
